<Ui xmlns="http://www.blizzard.com/wow/ui/" xmlns:xsi="http://www.w3.org/2001/XMLSchema-instance" xsi:schemaLocation="http://www.blizzard.com/wow/ui/
..\FrameXML\UI.xsd">
	<Script file="Localization_enUS.lua"/>
	<Script file="Localization_zhCN.lua"/>
	<Script file="localization.lua"/>
	<Script file="ClassDB.lua"/>
	<Script file="EnchantDB.lua"/>
	<Script file="ItemValues.lua"/>
	<Script file="StatCompareSets.lua"/>
	<Script file="StatCompareDress.lua"/>
	<Button name="StatCompareSetsItemButtonTemplate" inherits="ItemButtonTemplate" virtual="true">
		<Scripts>
			<OnShow>
				StatCompareSetsItemButton_Draw(this);
			</OnShow>
			<OnEnter>
				StatCompareSetsItemButton_OnEnter();
			</OnEnter>
			<OnLeave>
				GameTooltip.finished = nil;
				GameTooltip:Hide();
			</OnLeave>
			<OnClick>
				StatCompareSets_RelinkChat();
			</OnClick>
		</Scripts>
	</Button>

    <Frame name="StatCompareSetsTooltipFrame" frameStrata="LOW" toplevel="true" enableMouse="true" movable="true" hidden="true"  parent="UIParent">
		<TitleRegion setAllPoints="true"/>
		<Backdrop bgFile="Interface\DialogFrame\UI-DialogBox-Background" edgeFile="Interface\Tooltips\UI-Tooltip-Border" tile="true">
			<EdgeSize>
				<AbsValue val="16"/>
			</EdgeSize>
			<TileSize>
				<AbsValue val="16"/>
			</TileSize>
			<BackgroundInsets>
				<AbsInset left="5" right="5" top="5" bottom="5"/>
			</BackgroundInsets>
		</Backdrop>
        <Layers>
            <Layer level="BACKGROUND">
                <FontString name="StatCompareSetsTooltipFrameTitle" inherits="GameTooltipHeaderText">
                    <Anchors>
                        <Anchor point="TOPLEFT" relativeTo="StatCompareSetsTooltipFrame" relativePoint="TOPLEFT">
                            <Offset>
                                <AbsDimension x="10" y="-10"/>
                            </Offset>
                        </Anchor>
                    </Anchors>
                </FontString>
                <FontString name="StatCompareSetsTooltipFrameText" inherits="GameTooltipText">
                    <Anchors>
                        <Anchor point="BOTTOMLEFT" relativeTo="StatCompareSetsTooltipFrame" relativePoint="BOTTOMLEFT">
                            <Offset>
                                <AbsDimension x="10" y="10"/>
                            </Offset>
                        </Anchor>
                    </Anchors>
                </FontString>
			</Layer>
        </Layers>
        <Frames>
            <Button name="StatCompareSetsTooltipFrameCloseButton" inherits="UIPanelCloseButton">
                <Anchors>
                    <Anchor point="TOPRIGHT" relativeTo="StatCompareSetsTooltipFrame" relativePoint="TOPRIGHT">
                        <Offset>
                            <AbsDimension x="-1" y="-1"/>
                        </Offset>
                    </Anchor>
                </Anchors>
            </Button>
        </Frames>
    </Frame>

	<Frame name="StatCompareSetsFrame" toplevel="true" frameStrata="HIGH" enableMouse="true" movable="true" parent="UIParent" hidden="ture">
	<TitleRegion setAllPoints="true"/>
	<Size>
		<AbsDimension x="360" y="400" />
	</Size>
	<Anchors>
		<Anchor point="CENTER"/>
	</Anchors>
	<Backdrop name="StatCompareSetsBackdrop" bgFile="Interface\DialogFrame\UI-DialogBox-Background" edgeFile="Interface\Tooltips\UI-Tooltip-Border" tile="true">
		<BackgroundInsets>
			<AbsInset left="4" right="4" top="4" bottom="4" />
		</BackgroundInsets>
		<TileSize>
			<AbsValue val="16" />
		</TileSize>
		<EdgeSize>
			<AbsValue val="16" />
		</EdgeSize>
	</Backdrop>
    <Layers>
            <Layer level="BACKGROUND">
                <FontString name="StatCompareSetsFrameTitle" inherits="GameTooltipHeaderText" justifyH="CENTER">
                    <Anchors>
                        <Anchor point="TOPLEFT" relativeTo="StatCompareSetsFrame" relativePoint="TOPLEFT">
                            <Offset>
                                <AbsDimension x="10" y="-10"/>
                            </Offset>
                        </Anchor>
                    </Anchors>
                </FontString>
			</Layer>
    </Layers>
	<HitRectInsets>
		<AbsInset left="0" right="30" top="0" bottom="75"/>
	</HitRectInsets>
	<Frames>
		<Button name="StatCompareSetsFrameCloseButton" inherits="UIPanelCloseButton">
			<Anchors>
				<Anchor point="TOPRIGHT" relativeTo="StatCompareSetsFrame" relativePoint="TOPRIGHT">
					<Offset>
						<AbsDimension x="-1" y="-1"/>
					</Offset>
				</Anchor>
			</Anchors>
		</Button>
		<Button name="StatCompareSetsFrameStatsTypeDropDown" inherits="UIDropDownMenuTemplate">
				<Anchors>
					<Anchor point="TOPLEFT">
						<Offset>
							<AbsDimension x="40" y="-30"/>
						</Offset>
					</Anchor>
				</Anchors>
				<Scripts>
					<OnLoad>
						StatCompareSetsFrameStatsTypeDropDown_OnLoad();
					</OnLoad>
				</Scripts>
		</Button>
		<Button name="StatCompareSetsFrameArmorTypeDropDown" inherits="UIDropDownMenuTemplate">
				<Anchors>
					<Anchor point="TOPRIGHT" relativeTo="StatCompareSetsFrameStatsTypeDropDown">
						<Offset>
							<AbsDimension x="80" y="0"/>
						</Offset>
					</Anchor>
				</Anchors>
				<Scripts>
					<OnLoad>
						StatCompareSetsFrameArmorTypeDropDown_OnLoad();
					</OnLoad>
				</Scripts>
		</Button>
		<Button name="StatCompareSetsFrameHeadSlot" inherits="StatCompareSetsItemButtonTemplate">
			<Anchors>
				<Anchor point="TOPLEFT">
					<Offset>
						<AbsDimension x="21" y="-54"/>
					</Offset>
				</Anchor>
			</Anchors>
		</Button>
		<Button name="StatCompareSetsFrameNeckSlot" inherits="StatCompareSetsItemButtonTemplate">
			<Anchors>
				<Anchor point="TOPLEFT" relativeTo="StatCompareSetsFrameHeadSlot" relativePoint="BOTTOMLEFT">
					<Offset>
						<AbsDimension x="0" y="-4"/>
					</Offset>
				</Anchor>
			</Anchors>
		</Button>
		<Button name="StatCompareSetsFrameShoulderSlot" inherits="StatCompareSetsItemButtonTemplate">
			<Anchors>
				<Anchor point="TOPLEFT" relativeTo="StatCompareSetsFrameNeckSlot" relativePoint="BOTTOMLEFT">
					<Offset>
						<AbsDimension x="0" y="-4"/>
					</Offset>
				</Anchor>
			</Anchors>
		</Button>
		<Button name="StatCompareSetsFrameBackSlot" inherits="StatCompareSetsItemButtonTemplate">
			<Anchors>
				<Anchor point="TOPLEFT" relativeTo="StatCompareSetsFrameShoulderSlot" relativePoint="BOTTOMLEFT">
					<Offset>
						<AbsDimension x="0" y="-4"/>
					</Offset>
				</Anchor>
			</Anchors>
		</Button>
		<Button name="StatCompareSetsFrameChestSlot" inherits="StatCompareSetsItemButtonTemplate">
			<Anchors>
				<Anchor point="TOPLEFT" relativeTo="StatCompareSetsFrameBackSlot" relativePoint="BOTTOMLEFT">
					<Offset>
						<AbsDimension x="0" y="-4"/>
					</Offset>
				</Anchor>
			</Anchors>
		</Button>
		<Button name="StatCompareSetsFrameShirtSlot" inherits="StatCompareSetsItemButtonTemplate">
			<Anchors>
				<Anchor point="TOPLEFT" relativeTo="StatCompareSetsFrameChestSlot" relativePoint="BOTTOMLEFT">
					<Offset>
						<AbsDimension x="0" y="-4"/>
					</Offset>
				</Anchor>
			</Anchors>
		</Button>
		<Button name="StatCompareSetsFrameTabardSlot" inherits="StatCompareSetsItemButtonTemplate">
			<Anchors>
				<Anchor point="TOPLEFT" relativeTo="StatCompareSetsFrameShirtSlot" relativePoint="BOTTOMLEFT">
					<Offset>
						<AbsDimension x="0" y="-4"/>
					</Offset>
				</Anchor>
			</Anchors>
		</Button>
		<Button name="StatCompareSetsFrameWristSlot" inherits="StatCompareSetsItemButtonTemplate">
			<Anchors>
				<Anchor point="TOPLEFT" relativeTo="StatCompareSetsFrameTabardSlot" relativePoint="BOTTOMLEFT">
					<Offset>
						<AbsDimension x="0" y="-4"/>
					</Offset>
				</Anchor>
			</Anchors>
		</Button>
		<Button name="StatCompareSetsFrameHandsSlot" inherits="StatCompareSetsItemButtonTemplate">
			<Anchors>
				<Anchor point="TOPLEFT">
					<Offset>
						<AbsDimension x="305" y="-54"/>
					</Offset>
				</Anchor>
			</Anchors>
		</Button>
		<Button name="StatCompareSetsFrameWaistSlot" inherits="StatCompareSetsItemButtonTemplate">
			<Anchors>
				<Anchor point="TOPLEFT" relativeTo="StatCompareSetsFrameHandsSlot" relativePoint="BOTTOMLEFT">
					<Offset>
						<AbsDimension x="0" y="-4"/>
					</Offset>
				</Anchor>
			</Anchors>
		</Button>
		<Button name="StatCompareSetsFrameLegsSlot" inherits="StatCompareSetsItemButtonTemplate">
			<Anchors>
				<Anchor point="TOPLEFT" relativeTo="StatCompareSetsFrameWaistSlot" relativePoint="BOTTOMLEFT">
					<Offset>
						<AbsDimension x="0" y="-4"/>
					</Offset>
				</Anchor>
			</Anchors>
		</Button>
		<Button name="StatCompareSetsFrameFeetSlot" inherits="StatCompareSetsItemButtonTemplate">
			<Anchors>
				<Anchor point="TOPLEFT" relativeTo="StatCompareSetsFrameLegsSlot" relativePoint="BOTTOMLEFT">
					<Offset>
						<AbsDimension x="0" y="-4"/>
					</Offset>
				</Anchor>
			</Anchors>
		</Button>
		<Button name="StatCompareSetsFrameFinger0Slot" inherits="StatCompareSetsItemButtonTemplate">
			<Anchors>
				<Anchor point="TOPLEFT" relativeTo="StatCompareSetsFrameFeetSlot" relativePoint="BOTTOMLEFT">
					<Offset>
						<AbsDimension x="0" y="-4"/>
					</Offset>
				</Anchor>
			</Anchors>
		</Button>
		<Button name="StatCompareSetsFrameFinger1Slot" inherits="StatCompareSetsItemButtonTemplate">
			<Anchors>
				<Anchor point="TOPLEFT" relativeTo="StatCompareSetsFrameFinger0Slot" relativePoint="BOTTOMLEFT">
					<Offset>
						<AbsDimension x="0" y="-4"/>
					</Offset>
				</Anchor>
			</Anchors>
		</Button>
		<Button name="StatCompareSetsFrameTrinket0Slot" inherits="StatCompareSetsItemButtonTemplate">
			<Anchors>
				<Anchor point="TOPLEFT" relativeTo="StatCompareSetsFrameFinger1Slot" relativePoint="BOTTOMLEFT">
					<Offset>
						<AbsDimension x="0" y="-4"/>
					</Offset>
				</Anchor>
			</Anchors>
		</Button>
		<Button name="StatCompareSetsFrameTrinket1Slot" inherits="StatCompareSetsItemButtonTemplate">
			<Anchors>
				<Anchor point="TOPLEFT" relativeTo="StatCompareSetsFrameTrinket0Slot" relativePoint="BOTTOMLEFT">
					<Offset>
						<AbsDimension x="0" y="-4"/>
					</Offset>
				</Anchor>
			</Anchors>
		</Button>
		<Button name="StatCompareSetsFrameMainHandSlot" inherits="StatCompareSetsItemButtonTemplate">
			<Anchors>
				<Anchor point="TOPLEFT" relativePoint="BOTTOMLEFT">
					<Offset>
						<AbsDimension x="122" y="127"/>
					</Offset>
				</Anchor>
			</Anchors>
		</Button>
		<Button name="StatCompareSetsFrameSecondaryHandSlot" inherits="StatCompareSetsItemButtonTemplate">
			<Anchors>
				<Anchor point="TOPLEFT" relativeTo="StatCompareSetsFrameMainHandSlot" relativePoint="TOPRIGHT">
					<Offset>
						<AbsDimension x="5" y="0"/>
					</Offset>
				</Anchor>
			</Anchors>
		</Button>
		<Button name="StatCompareSetsFrameRangedSlot" inherits="StatCompareSetsItemButtonTemplate">
			<Anchors>
				<Anchor point="TOPLEFT" relativeTo="StatCompareSetsFrameSecondaryHandSlot" relativePoint="TOPRIGHT">
					<Offset>
						<AbsDimension x="5" y="0"/>
					</Offset>
				</Anchor>
			</Anchors>
		</Button>
		<DressUpModel name="StatCompareSetsFrameModel" scale="1.0">
			<Size>
				<AbsDimension x="183" y="300"/>
			</Size>
			<Anchors>
				<Anchor point="TOPLEFT">
					<Offset>
						<AbsDimension x="90" y="-20"/>
					</Offset>
				</Anchor>
			</Anchors>
			<Scripts>
	                <OnLoad>
        	            Model_OnLoad();
			    this:RegisterEvent("DISPLAY_SIZE_CHANGED");
			    this:RegisterEvent("UNIT_MODEL_CHANGED");
			    this:RegisterEvent("PLAYER_ENTERING_WORLD");
			</OnLoad>
			<OnEvent>
			    if ( event == "PLAYER_ENTERING_WORLD" ) then
			        this:SetUnit("player");
				return;
			    end
			    if ( this:IsVisible() ) then
					StatCompareSetsFrame_UpdateModel(this);
			    end
			</OnEvent>
			<OnShow>
				StatCompareSetsFrame_UpdateModel(this);
			</OnShow>
			</Scripts>
			<Frames>
				<Button name="StatCompareSetsFrameRotateLeftButton">
					<Size>
						<AbsDimension x="35" y="35"/>
					</Size>
					<Scripts>
						<OnLoad>
							this:RegisterForClicks("LeftButtonDown", "LeftButtonUp");
							this:ClearAllPoints();
							this:SetPoint("TOPLEFT", "StatCompareSetsFrameModel", "TOPRIGHT", 12, 0);
						</OnLoad>
						<OnClick>
							Model_RotateLeft(this:GetParent());
						</OnClick>
					</Scripts>
					<NormalTexture file="Interface\Buttons\UI-RotationLeft-Button-Up"/>
					<PushedTexture file="Interface\Buttons\UI-RotationLeft-Button-Down"/>
					<HighlightTexture file="Interface\Buttons\ButtonHilight-Round" alphaMode="ADD"/>
				</Button>
				<Button name="StatCompareSetsFrameRotateRightButton">
					<Size>
						<AbsDimension x="35" y="35"/>
					</Size>
					<Anchors>
						<Anchor point="TOPLEFT" relativeTo="StatCompareSetsFrameRotateLeftButton" relativePoint="TOPRIGHT"/>
					</Anchors>
					<Scripts>
						<OnLoad>
							this:RegisterForClicks("LeftButtonDown", "LeftButtonUp");
						</OnLoad>
						<OnClick>
							Model_RotateRight(this:GetParent());
						</OnClick>
					</Scripts>
					<NormalTexture file="Interface\Buttons\UI-RotationRight-Button-Up"/>
					<PushedTexture file="Interface\Buttons\UI-RotationRight-Button-Down"/>
					<HighlightTexture file="Interface\Buttons\ButtonHilight-Round" alphaMode="ADD"/>
				</Button>
			</Frames>
		</DressUpModel>
	    	<SimpleHTML name="StatCompareSetsFrameMessage">
			<Size>
				<AbsDimension x="183" y="64"/>
			</Size>
			<Anchors>
				<Anchor point="CENTER"/>
			</Anchors>
			<FontString name="StatCompareSetsFrameFontString" inherits="GameFontNormal">
				<Size>
					<AbsDimension x="183" y="0"/>
				</Size>
			</FontString>
			<Scripts>
				<OnLoad>
					this:SetFrameLevel(this:GetFrameLevel()+1);
				</OnLoad>
			</Scripts>
		</SimpleHTML>
	</Frames>
	<Scripts>
		<OnLoad>
			StatCompareSetsFrame_OnLoad();
		</OnLoad>
	    <OnMouseWheel>
		return;
	    </OnMouseWheel>
		<OnHide>
		if(StatCompareSetsTooltipFrame:IsVisible()) then
			StatCompareSetsTooltipFrame:Hide();
		end
		</OnHide>
	</Scripts>
    </Frame>

</Ui>
